0,1
1.5640345835048048,-1.863096890915316
2.5304702344055867,-2.8909455880388992
3.723469001270167,-3.85948252601775
-3.7944218962956486,-0.12843309030241068
-2.3334599923595545,-1.5160250532116566
1.2785698237283418,-1.0403605833419844
2.7120001982766073,-2.796500794299698
-0.1061132199641539,-4.335742608517782
1.669138853153933,-1.8032522380108227
2.7004563154679495,-3.0208983545380184
-1.653149115832678,-2.5663219065928455
-1.702726742774594,-2.171699794190919
-1.9128808847831769,-2.3388535136873596
-3.367997095398741,-0.5160454584427578
-3.2366193241641783,-0.2734224642211438
2.7072407980728155,-3.0844728977086984
-2.8155022076247023,-1.165559670533151
-2.323637295900107,-1.5674473139673586
-2.5511743913577583,-1.6868376708433455
1.8217290934404526,-1.0935698680405088
-1.1752576997502664,-2.8977641130854277
2.044694152548751,-1.790850939595815
2.464925471669523,-2.578908279427387
-1.5779942606508366,-2.349223125696124
2.145705373431821,-1.9736325870753995
-3.5284733705826907,-0.7123849513973346
1.674476775706766,-1.1254076552287255
2.430500671005862,-2.5921035814700937
-3.686271694365552,0.02313925786560267
2.4809229549095475,-2.3027236238363535
2.0652800989071145,-2.3906027215804966
-1.569334360777683,-2.5282987376809647
1.778177677838953,-2.4896226938633066
-1.382627185058929,-3.391192778151945
-0.9502589244895865,-3.147807939245225
-2.9589283398604738,-1.1835649784952582
0.8885488875373253,-0.4970971220462539
-2.1270182184490665,-1.4993185109424387
-1.8296412898126881,-2.2634168995100863
2.6268145021113574,-2.484099973538419
-1.784122398609674,-2.0766214135109933
-2.433701118485352,-1.6200849549111844
1.909226964548868,-1.7662001620738805
-3.285662521607643,-0.2677730751527798
2.80639788630098,-3.7224134906967907
-1.0193556510355242,-2.7403795612438904
2.9692525237141703,-3.2010243789484494
1.301854194586931,-1.0934848430112578
1.3659298399828237,-1.3142437346966864
2.2729864735474035,-2.1401339680119893
1.9822572521495574,-2.3043962750609244
2.43563039562608,-2.5387953158856305
-0.8832714921613307,-3.3056841085254645
-2.5046486892156365,-1.3689120541774051
-1.1423737262806395,-2.7560055184368593
-1.1311578269321072,-3.438743754579142
-2.9917090280568837,-0.7319582524216373
1.3951674010597914,-1.189489574396005
1.8437099135788109,-1.7530540055561776
-3.1430638530223667,-0.9375084348865776
1.8564341942901461,-1.4253176284388502
-2.7462016099967332,-0.9749198510300774
2.396323812234785,-2.090708609365484
1.463569194537079,-1.389683565635354
2.760052703254655,-2.5090430766623326
-3.3852345398623367,-0.4972470800683402
1.6067154816422153,-1.6875795776500535
2.371269797898246,-2.6075656519752153
-0.43378409479624147,-3.8494162511901244
-1.6001328759580535,-2.3872891960328393
1.117130981124286,-0.9827021960547875
1.281546731335084,-0.9730912692361042
3.1861388195369558,-3.6289779556760084
-1.7534390626511376,-2.4276152646293614
2.143698976483146,-1.9924608487962772
-2.914944031530045,-0.9192186686793893
-2.6693508929156566,-1.008320867086535
1.4126807689592198,-1.2181960369853906
1.3514574004372428,-0.9203197135233729
0.8869868198402917,-1.0322081237270702
2.1192638301106954,-2.4597927792899066
-2.064082467225488,-2.2030945488585005
-4.363904406410091,0.579396086067764
1.5665256103571503,-1.5783047904069785
2.768686354548402,-3.3716958441983147
3.004735052410154,-2.850135069146644
2.5424440936662265,-2.791629336413497
2.030837956103933,-1.7278929329294554
-2.4364239107248222,-1.062077570462612
-1.3096854512004255,-2.7582399262825303
-0.13584437874330835,-4.2417249067351985
-2.435886052817855,-1.6792521301061762
-1.776061125795261,-2.1225758869178377
-3.0503992578261907,-0.7396462710460767
-1.5736099399013823,-2.6244334029843577
-3.540639189029176,-0.6685763136646752
3.1298535209927216,-3.4563654384216536
1.5558718545357662,-1.4600560318798408
3.2474446560408126,-3.5539827472466596
1.5421639435991197,-0.9849862079875655
-2.781991118687206,-1.148524912868563
1.3824262918217116,-1.6830905001084773
-1.4521380432446815,-2.473615142722825
-2.400335641176527,-1.8503893443702868
2.1034052807159016,-2.5259323038257877
-1.3693364377814508,-2.7828866234949734
3.1685474546413186,-3.6758716314032682
-3.407607563336862,-0.33856675521908364
-2.242932786046523,-1.56516114744661
2.4291700856227454,-2.560313682398391
2.360510877072292,-2.523444111118496
-0.7091340705968703,-3.4163017023816704
-2.533295901074897,-1.4742805926246219
-2.115482336101725,-1.6384441097150102
-2.2293329927776027,-1.8881896553739437
1.721949491771391,-1.226725385598613
0.05642853413779925,-3.939813370487733
-2.195784051294515,-1.7473682991536261
2.3728179158578024,-2.431438948776298
-3.5405885119937346,-0.5641810090669106
-2.1063361521857207,-1.9391727600106032
-2.6691863067276618,-0.7572605841994218
3.0771930079560645,-3.228267463594314
-2.7570130631251972,-0.9105181416890336
-0.15761933640604742,-3.638090867142268
3.1148485300680955,-3.4805554038668753
-3.238791001789465,-0.8005929095101201
-1.5072501985442757,-2.324901507221058
-2.533879335296278,-1.4502034104585917
2.6175835487827452,-2.584095927949084
2.3824193762972845,-2.8974889932286865
-2.35943498835873,-1.6361050751378685
2.249467250567641,-2.4296256194844315
1.9895563982093623,-1.7200207339341167
-3.995964372209241,-0.05913509838549591
-2.6791764525155135,-1.159744621906154
1.7838955038293647,-2.291096976934913
1.853048458395593,-0.7561304550933317
2.0850617408233174,-1.9964088395053499
-2.639462350515574,-1.1927600410636878
1.5777331663610976,-1.0384164852158704
1.1991827483950357,-0.993672768907651
-3.5313402305743526,0.09066063193079144
-3.8560615779157024,0.11006649451317774
-0.9861115216184537,-2.9504210386175815
1.2389926247478986,-0.7074826899860189
-0.38222141634439954,-3.660347901194667
0.5773285776124542,-0.06051231883466901
-0.8305964107353923,-3.159851464193521
-2.342772368332368,-1.581478590816684
-1.8550880194248054,-2.3237828416831525
-3.79093885469911,-0.09133543117801057
-2.6056972213189904,-1.357892786988689
-1.5517831899444632,-2.4530046376664596
2.6109120771756356,-2.7599243262109763
1.5942384751180616,-1.3550785987361365
3.2226404539849907,-3.3416041201655124
0.952928047537567,-0.8460933721070825
-2.606878813013009,-1.145694668454934
-1.7765833179299833,-2.7010673493021167
1.0165718892976905,-1.2092447994405542
1.6648536888445287,-1.3453078353551813
2.6475165595186976,-3.04622365394391
-1.6414405627304212,-2.8145896979108667
-0.5459114983668862,-3.472786955944454
1.7115685666469158,-1.2610407433418676
-1.4329278183888245,-2.380332734223003
1.4784015666800534,-0.9888173231189819
-0.8870475540518592,-3.426827553060596
1.8233792593801803,-1.5691573468613007
2.2685391860496513,-2.674480702985378
-0.6785901716231053,-2.91530081570444
-2.4187944935564047,-1.5156520658227761
-1.9228494197085284,-2.318578575151182
2.6363789930188544,-3.378599655698796
-1.347506327797886,-2.9136437870127194
-2.8423285815376707,-1.1695333583423422
-2.274806768405726,-1.6744266882713523
-1.7372207893387468,-2.47914655068577
-1.6848311603986335,-2.3086821358905745
-2.3836933240876075,-1.6255297789894172
-2.381408004417677,-1.9502111456426192
1.2681596361925782,-1.4752277113543655
-2.0346346539559046,-2.090508913235341
1.3733099989869784,-1.8881227939557585
-2.5156802202853195,-1.1758927115457007
-2.7545237311686686,-1.301043103975494
1.9949248069284227,-2.3815190544480607
-1.3352380861072182,-2.893422059682387
2.5423334093328336,-2.2211579001450676
1.0737199230252656,-0.7196029033627955
3.045049691198534,-3.141729342165423
1.1959797625123498,-0.7894585537093897
2.889706013460132,-2.8814335134407303
-2.566429450415727,-1.0953226680909218
2.1814770196180864,-2.387339041631037
1.49270678570536,-1.1789200212867705
2.380646072894898,-2.62187216996725
3.4718626762162166,-3.728473394212848
2.5837070153101376,-2.7947142535416187
0.7862965999214309,-0.13419890878035612
-2.269260255893931,-1.6981034814114895
3.3676362789068124,-3.929651411510081
-2.336955613514605,-1.75056114336237
1.656493524653807,-1.5266431095405237
2.6829156224004715,-2.8346173276737567
2.8139831803068738,-2.878659282836869
2.0187834516679177,-1.7318693453963556
2.52439050018725,-2.981917579097106
-3.1880038034087543,-0.8540941596652685
0.9397199770915994,-0.8535075896490398
-0.45566389236728533,-3.522195082710221
-2.0274116258252555,-1.7879071700800337
-3.2900596259022388,-0.5204169318567258
-1.5968494002386744,-2.337736894645735
1.4900087981285,-1.2304630465832054
3.4088510930371827,-3.849206258363893
2.418227579328394,-2.6021350766256894
1.3326718752471036,-1.0804862637584904
2.066068895498676,-1.910098353336508
-3.8951223039766143,0.0509487310148522
2.178811413692851,-1.4544576107160179
-3.2524975153825118,-0.9681304074772581
1.8180199115900773,-1.1550186597859227
-3.3969693033517796,-0.4746001496501422
-0.4432226539569597,-3.5980688938395953
2.4791406643562643,-2.7106673495174167
-2.2535633130660715,-1.8181281210210827
2.685581684106726,-2.962169469600519
-3.1061164884289023,-0.6736539605090552
1.9934225000582144,-2.2970271480099664
1.8995222909959684,-2.2525104386317656
-1.5799260148633105,-1.8996699107158195
-2.753970363687997,-1.5556122117483184
-1.3623681170705062,-2.71433799524545
2.972571557902579,-3.2725615857959744
-2.234721317654131,-1.9434997985140372
-2.047982441579417,-1.932841012848189
0.8663495265960275,-0.6789603960467003
2.8546361746761812,-3.3377329351855423
-4.224051487876775,0.7792097918074745
2.0157438912343357,-1.816847353424115
-1.2287037465606092,-2.8049959952065917
-2.5640004784870536,-1.2773033002701948
-2.0082565033794824,-1.9759924680000724
1.6591921998729906,-1.6401458988957995
-2.1257603486498486,-1.946647091910956
2.259874566860897,-1.9795728950925655
-1.9130873726318818,-2.3773148337747085
-2.415771911458771,-1.656733865625328
-1.5491952451811182,-2.6576265631666587
2.1374496692946066,-2.4888832499190903
-1.6305217829766274,-2.1351902109403085
2.441621798298707,-2.5721963895602986
2.616388248934949,-2.6700465943522635
-1.6266538443806895,-2.2988968700476136
2.9904228806130773,-3.5567548836745155
2.018169684077731,-1.8935450821136182
-1.4516899108010783,-2.879180097577641
2.800962831093716,-2.828100553019702
0.47495466105294115,0.3416608278803128
2.0929327804996545,-2.1177466995932113
-0.5952384466809755,-3.494265121435849
2.0077031390405997,-2.3916803265135496
-2.25935195649431,-1.8267387859395372
-1.7479045695590165,-2.1849817442186215
1.490762071478749,-1.4442045915596564
-1.6856750786135135,-2.6065130366216382
-2.4769979064509178,-1.4375161959749096
2.9822384084350912,-3.4631108186241253
-1.9973601997524288,-1.638071087703431
2.5575641538069593,-2.9397714060358755
-3.1483129705595427,-0.9740028620575629
-3.5593464565594326,-0.4132995197070788
-2.2409381372778308,-1.7808200013372584
-2.0461284624186495,-2.0738420262502277
-2.054266117377576,-1.8316496905635449
-0.8817686778500502,-3.049437468249188
-2.4716160835633487,-1.7395129277089922
-1.2777175352171415,-2.7476749096077486
1.5842601621990657,-1.1748835187343332
-0.6320812792880681,-3.812896588888293
-2.14401048584789,-1.9847158598185934
-2.947445195101082,-0.9137283904011022
-1.6202900814363366,-2.4010966446571658
1.6221931525688384,-1.4943645958137701
1.8353032192585383,-2.4944930260290583
-1.8217885951218307,-2.1728960583207666
-1.5377118433228427,-2.6090519998619435
-3.5393250792220448,0.04407166701246901
-2.0780624925388684,-2.046699051774697
0.387846493743242,-0.21051533107166187
-1.4942976520624234,-2.8062641236396573
-0.9955120921270444,-3.4492546589870283
-0.2589689202370009,-4.208020133104371
-3.829399479344742,-0.09509589010567288
1.4360494758641282,-0.7076314474752714
2.3952590348899303,-2.8270876737743507
-2.260599116062367,-1.9471849148058253
-1.0420577631497483,-3.4889654053021446
2.4804477784296397,-2.1943279965260327
2.2721631941995466,-2.572095654487092
-1.5715544975050757,-2.6910326500949138
-1.4651742219563637,-2.250839166801316
1.3975616117667151,-1.3400124143727992
-1.7304495744504702,-2.024117619215579
-1.7289523197925818,-2.0368283084387975
1.7098381840831773,-1.919772633546728
1.3575584099262894,-1.01165511931036
2.2907190164095015,-2.1397982210210724
2.08258069134957,-2.2370650616265966
-2.854439264470291,-0.9630238825567672
-2.420269222632686,-1.4604123996097425
1.7359082126311118,-2.1560867241648256
1.6934809803224546,-1.7296590265895235
-2.5510968752877456,-1.3337330729365733
-1.6445315497973074,-2.214562515011791
-3.5859075981625423,-0.3909205789738981
-0.8091693093164662,-3.4215891799382616
-0.9381779640168861,-3.5870450670253033
1.1458083555694987,-0.775829525116033
-0.9408008610844649,-2.991537475935984
2.755856579664208,-2.4455948095194198
-1.706571471181719,-2.352860504731276
-1.695214922737812,-2.1039793775910747
3.008098186489862,-3.4390825568905026
-3.242722907241954,-0.12673892342708726
3.192868787010247,-3.5403206883859744
-1.0367017812286268,-3.432371470448425
2.3658188164384275,-2.2527003529449514
1.2311684092423802,-0.8797988740822746
-3.0080613188538137,-0.8111176867046042
3.263720140777186,-3.460863799017621
1.4858330456912363,-1.5378140961781654
-2.442275018892025,-1.6056941935060831
-2.2364671530531646,-1.8064863523403654
-1.8613092421835364,-2.2302596091313474
2.2687868144385153,-3.0391534927138952
2.3180214940973336,-2.5212905472107683
2.238113880527291,-1.8554207158228875
3.1406117339656108,-3.411733414220487
1.8978216905446958,-1.6967007147444861
1.162143584298186,-0.9255010231266667
-3.576049118669305,-0.2648471337713991
-2.1021372065495707,-1.966600180260733
-3.2011639128544256,-0.7910168978414944
-1.3049635690229315,-2.5046492476785596
1.269556912454639,-1.4211482776542042
-3.015566689963365,-0.8193106381370052
1.2204795313086136,-1.1216108337436252
-3.100216016225979,-0.7786911337897195
-2.0645694768912266,-1.4917373338281896
-1.653305065743576,-2.6283844148469786
1.7925353548568237,-1.542216684892467
-1.9234375462362745,-2.029110095939354
-2.745980409449895,-0.9409247670066907
-1.8037303214701113,-2.10190507133862
2.9610468966676864,-2.8399467500358604
-1.794335572418264,-2.2182892208617324
-0.8536005798949182,-2.943213785708827
0.9799834365382958,-0.1949979583951298
0.42828343087391807,-0.4017258003948636
-1.2448491968699282,-2.6020070166598526
-3.1056635069787943,-0.6828362068558886
3.248833007158912,-3.5024494468476144
-0.4929469775025832,-3.710465133799265
2.7110260170374327,-2.744628775427639
-1.8691099077043114,-2.1792031793418483
1.7716336470035408,-1.377599552387254
2.469370722002387,-2.8449282833786453
-2.4517269708116913,-1.4504576209340532
-0.15038081823322424,-4.327562071488801
1.3627688459333243,-1.180427918947185
-1.2810798588199872,-2.9914828654980803
-2.83414031165799,-1.2449831152973276
1.7939382620840705,-1.481019701626194
3.0942812609841797,-3.3445656744786336
-2.043702531653441,-1.8627247035509953
-2.7983312030121748,-0.9767571525506711
-1.799308204044444,-2.4623929111344913
1.518529560698155,-1.2068237164170696
-2.540157238878131,-1.168169717207351
-1.7990759972846182,-1.8158291874981907
-2.12981083928426,-1.775089223591384
2.99889227277687,-3.3508443792397573
-2.6781666625206673,-1.4252901263577462
2.7750873981510313,-2.7078878349419373
-0.8635402399355097,-3.257829366982972
2.4337928789170338,-2.661070987672063
-1.2760578290703641,-2.8124630871342777
2.8650988227533842,-3.2660124668858996
2.0822407446225015,-1.7984990771600808
-2.4420452348845467,-1.699877601922283
2.836743213918851,-2.756102123466922
-2.16198371241698,-1.6288206145199844
-3.456066980882346,-0.5275276799819297
-2.4350210476887715,-1.3894235634458747
1.3111105900181357,-1.168536713746891
-2.1730938288081663,-1.900466577104669
2.364052335051693,-2.567100303203784
-0.5721407142598036,-3.184187259274531
-0.4859943713420338,-3.6673164045079467
2.4231501099986277,-2.494313663385903
-2.5782511032789426,-1.4176205078041344
-1.3160352095741699,-2.6737326125759653
2.223915066036024,-2.9757848136703493
3.1008898759121477,-3.6601726784033737
2.281141697661507,-2.3843326830044687
1.5011251749838705,-1.7227154033054493
-1.7790835945852417,-2.076528575369135
3.7344572169894454,-4.853152074005472
-1.4745016916181726,-2.5482241622084723
-0.2513237225604614,-3.845624823284365
-0.6806526262077786,-3.6247369445674327
-2.180472228581372,-1.7840380081123706
-1.7954145085706519,-1.961739523670707
3.0333351209410955,-3.2537958047491027
2.8925564500212646,-3.041776232590192
1.8798525971742919,-1.4799278024406943
1.2193276497836063,-1.064417615904286
-3.2025475010651734,-0.7247156412858899
-2.4864415513371085,-1.481113057816744
1.4764478091334023,-0.9349675566535418
0.45944999927062957,-0.39647212136597343
-1.6324975090674818,-1.930645083405774
-2.6999921069505994,-1.3969575192154018
1.9413221324624743,-2.4212676814055603
-2.3149705162011704,-1.7378037079371136
-2.539629454693202,-1.5919347489606999
1.7201996016549423,-1.8636339924142542
-0.6990396426964014,-3.313616864773117
1.4252401816554574,-1.3479688924474449
2.4518225099169286,-2.305572927934501
-2.515554872912965,-1.4172595222912747
2.194592442221744,-2.5541287679104188
2.4172009100965015,-2.8467574879587962
-2.2077208490773397,-1.7702628334109152
2.7645065831053692,-3.3883982432544215
2.5530601505580703,-2.29625543203718
-2.223477565327614,-1.9493943116054337
-0.5190879278028797,-3.4658697665695364
-1.4693642356773111,-2.242933337925907
-1.2175827338388254,-2.911940512589934
3.364757028407918,-3.257548605759755
2.314491335434643,-2.1733797695506922
-1.7129761368489238,-2.1993857573342503
-1.5390863347048511,-2.2361959880299946
0.006406029876399266,-4.257211373823598
1.9944426712229169,-1.9062045628810131
0.34963941799558795,0.15713382457101277
-3.8337716528661483,-0.16687665720695932
-2.690513687291531,-1.1197983800924516
2.2601983829849708,-1.6255147448887333
-0.20220910733633302,-3.586829455970686
0.5046872622327703,0.8163430641126022
1.583180313664663,-1.6362531239014264
2.918978548898874,-2.7190301098862797
-1.4974229048744259,-2.4126037555645374
1.3073729967661436,-1.0813644967187073
2.5054692490120614,-2.8934767557016516
-0.9516842897733007,-3.2252024104257737
-3.788281976426801,-0.16492089611638416
-2.182231818518542,-2.103109272026552
-2.5821854016077923,-1.5965192391043892
2.2805017795128837,-2.3808924267001434
-2.3645605567413446,-1.7582790446487313
-2.6811212820720662,-0.7313769981305818
-3.4652886519727732,-0.4752677626346975
1.764458585079992,-1.728091598663113
-3.884253588699287,0.0474756088984396
-0.06744486201443745,-4.259308784636956
1.6340624232763443,-1.6332080566069191
2.337700647708649,-2.1577659249824146
1.3513828841692368,-1.4132538503428513
-1.903498874416136,-2.317281171354936
-3.1660174109129073,-0.3958332275374363
2.534003205585302,-2.485101459593613
1.321122603003449,-0.9694630198410323
2.1639185166359605,-2.2063572403601315
-1.6581511105573719,-2.534687755782616
-3.038811584870796,-0.6039367420664765
2.607914880297157,-2.791587274274968
-0.7523199628321564,-3.4569517029301124
-1.9805976276212762,-2.1413889346080195
-2.5846220070925776,-1.0429531777451277
1.997914966981828,-2.0358226082192257
2.1687516675505445,-2.2548863282967493
3.3146054949118096,-3.785753916978175
-1.433928091226227,-2.365221427605426
3.0610956385293258,-3.6227593710084194
-3.900828691111713,-0.19666876347452344
-2.695745047605935,-1.4192372734216576
-0.9682061045121828,-3.1388784455636296
-2.786741952199854,-1.4018112523600301
-2.8329964309982505,-1.3859006579626088
2.0928334627024685,-2.6374531693192065
2.220617071626676,-2.5570392078687467
2.414875387025539,-2.271995189460965
1.148430281797999,-0.7574200695510307
-2.122902933836006,-1.9608161778592772
1.9986782715197964,-2.2346642771056895
-2.6079526888244975,-1.441867885961911
-2.741821683738736,-1.5951742573330678
1.5228628978985197,-1.7555521262131972
2.8851142248898665,-3.194172397630347
1.4182726045146046,-1.2255438620646188
-2.8611228716214003,-1.240517806791785
-1.2489938795767308,-2.986117265775673
2.138541858469648,-2.0706034673558906
-3.3610166515486624,-0.1596249429423806
-2.284095787241938,-1.6398164190525397
1.5120792661822715,-1.1519939120960838
0.8755539188113295,-0.07225080211890234
1.6520249964437532,-1.905754364832167
2.256282494364205,-2.8279866042701713
-0.7601433738986936,-3.2012545894075815
-2.645272765347377,-1.004281797753693
-0.9104268872876737,-2.9606618033282794
-2.9684153924111287,-0.7728270192168749
-2.054685350114501,-2.012251188951187
3.202444692424092,-3.5167270851068495
1.4275969218573281,-0.978952930165292
-1.0422918417085185,-2.6542501746870606
1.8072960670964544,-1.9772870857966494
0.33928761205728963,-0.07370210283114331
-2.9820895196443002,-0.9420307923862119
1.2456882262455973,-0.6970902362991434
-2.4986631191007422,-1.8475368962182048
3.037755218535545,-3.657932138118966
1.9568038231127245,-2.487258115768694
-1.7984448603610805,-2.021337828136864
1.1980196996607453,-0.9376171863317457
-2.5017087370677404,-1.410120463384426
2.2692798495141773,-2.417711869943699
-1.8868597646255312,-2.078339826455207
1.8389567124550856,-1.7218404227952788
2.0518693029017547,-1.6024904439699141
2.182776785976172,-2.5064580862005736
-2.4516728493554347,-1.964391964914363
1.504397691896104,-1.3072593731610267
2.632339295804523,-2.5563457197646953
2.122478117159615,-1.9123986947601266
1.6528142849943253,-1.9355064870888694
1.8173522473281951,-1.6708127625375089
-2.1560770725014415,-1.790736032828411
1.9325846486380969,-2.046782046015265
-1.7817426903066116,-2.0764650724246922
-1.2187896577545432,-3.3583900142724477
-1.6199734820287313,-2.58168981910896
-2.421137064049601,-1.3437998148545727
1.602642077226226,-1.9380374495702386
-1.905916343689618,-2.05088175104947
-2.265380801678895,-1.6311796015808349
0.5785174108098223,-0.11678765092787313
1.8328815991490783,-1.833491837117956
1.446910662642853,-1.4007532978921162
-1.757579694473526,-2.3599070080021893
0.9851744076143516,-0.5486168442136365
2.6330962562609166,-2.6033973199848814
-0.9751315128487175,-3.1549942589034936
-2.060435491957607,-2.052467313554342
2.0635240266871686,-2.2005269806360026
-1.0389845574083556,-3.0384387588887334
3.0016069619474286,-3.1904348723045404
2.738104233109689,-3.4526074008654466
-1.6390975898195785,-2.5352057634217537
1.9988079169803257,-1.959437449897595
2.282737557725984,-2.674086940556132
-2.76570754710605,-1.001317409256597
-2.000009625945152,-2.0501470258322003
-2.0445582767080657,-1.605142479831387
2.629668383675596,-2.570790165015825
-0.7121660212618399,-3.6089151371192028
1.5993895638829032,-1.0930296986559056
-3.0314386809708918,-0.8088076291886983
1.6560811780427724,-1.0798980100635998
-0.7200978534577207,-2.834569228690463
-2.2301464941052993,-1.6492908302815317
1.9190626344105057,-2.0941006742615933
0.8961995907547222,-0.7605566699273063
-1.0179374876660863,-3.4207071696027604
1.6568856472488767,-1.607648717656748
2.6818060088726083,-2.7561140010014475
0.2770326044770828,-5.062767108462143
2.475275975553049,-2.4760024002045053
-2.9888635271730295,-0.8016545379603661
-0.8436604585815679,-3.3667823814907964
1.6608215033580247,-1.8403074459480289
-2.6707918987510375,-1.0107726608620247
-1.168610025756449,-2.794640305367114
1.262975965125273,-0.7186842759749763
-0.6430047015599967,-3.72863652629361
1.7337546520671356,-1.4320659082773344
1.9684457758057008,-2.023659374641216
-1.0679648996929367,-2.9363558343942495
2.206721529865956,-2.0904905551627406
1.4659545839934538,-1.295624973483224
2.461834877646451,-2.6084097586685138
1.3388348228635782,-0.9231942246923979
2.2512175975158994,-1.9468610551532213
2.243165910068689,-1.6089057591393114
2.522344562170779,-2.7045970094098917
-1.1747926756004885,-3.0455443725778517
1.968151107250126,-1.7776853476921053
-0.4283161693185651,-3.6812632808122583
1.8863666099732253,-2.010839844766928
1.3704785988435408,-0.9103023097133704
-3.1220176632909635,-0.700578969733084
-3.354230854786934,-0.5972750056559684
-1.786968734645566,-2.401444487150149
-2.118961348437402,-1.8737218658072505
3.005627774174007,-3.3014089430840903
3.3215478582869897,-3.7026205322743593
-1.9881727430873792,-1.8880958323116532
2.7618436091986687,-3.0566938737791896
-2.281885843613111,-1.857106617804747
1.82685801109576,-1.9825688948504183
1.7406617615564095,-1.5921222888074018
1.0519238011808054,-0.5410303798789133
-2.1023885006484924,-1.8906660025517934
1.966858284698125,-2.566653025958258
2.8099677705921797,-3.0275132331172587
-3.6448383177109616,0.1073536428000108
1.2823834983415325,-1.2473498526097084
3.364283364816403,-4.107147628191106
-1.951974090568928,-2.1955715377411327
-1.6824436691904396,-2.3416188592507465
-2.40862917629511,-1.3466948243350116
0.17306490548555065,-4.162487842639086
-1.3996271103122238,-2.6578746116764562
1.347047104296296,-1.1587189103289481
1.5407323862159725,-1.281502341398141
-2.385512055358809,-1.474836827395814
-2.7583788413858144,-0.7081436766826255
-1.2050319268665288,-3.0680956750886432
0.8774006313298535,-1.0277730547852297
-0.3414951670837818,-4.018706755638227
3.333253331958922,-3.618795645827304
3.0629343871557566,-3.253535302843093
-1.7696773957709873,-2.0888406249097384
-1.0594117050452154,-2.8002876474344407
1.4866245816989592,-0.786969974922394
2.2321325986012477,-1.9841331419812482
-2.5176196375001996,-1.1800968776168845
1.762068198398697,-1.5210339560786101
-1.8119224215033096,-1.9380972540522952
2.016312158916223,-2.0295582458005708
-2.050859803682821,-1.6681551204907907
2.556610632687298,-2.60985722048352
-3.228048310438009,-0.6692350017983131
1.2703179424049416,-0.7864949806358861
2.6859804042364472,-3.261458674096986
1.6416402074641279,-1.4546968304759869
2.8859955452118284,-3.7292203942166635
3.0369332151941943,-3.4162371829729405
-2.330512831479133,-1.6013114013006469
-2.4367946985933564,-1.4499063905103744
-2.4852206140395317,-1.5210510164472049
-1.07778362658141,-3.211128895220675
-0.9882514401646625,-2.9693284825136983
1.8284793957060224,-1.6603339464912636
2.6600328706560394,-2.4340757175413827
-2.9898633714259666,-0.9866401715879951
-2.357249612810368,-1.463461303118319
1.332193747531253,-1.3374712830543591
-2.679166857106748,-1.0262340190526908
2.2846351021282527,-2.3912368673224593
2.6798412898730466,-2.6907415437325293
2.004384863461783,-2.3149382433899124
1.7519938549850989,-2.1731897016918285
2.3099695372155793,-2.6438367194053374
-4.417750822573575,0.6525712522505906
-2.2663118225042322,-1.3334280002400571
-0.7567490810223141,-3.041039819150865
-2.5283915582524346,-1.274687207386178
-2.991702116809382,-0.9253178459256672
-1.8031006194159311,-2.1004499252826485
2.2529568574678978,-2.0807337223794637
2.2904943492897574,-2.3584743306775797
-2.9981236180334028,-0.9286694634338102
-2.4536274488547285,-1.4731828385955164
1.6586834719830907,-1.2679745116436751
2.1013835724747403,-2.2984792392233153
1.3500150101145412,-1.637357285294395
1.8984233616429265,-1.8260428599610572
2.241517480357153,-1.9083347962925459
-1.6343177442773478,-2.5470151100798257
1.0826027473979734,-0.36881465250089795
-2.1739797787928414,-1.7820886013966897
1.0580414484639669,-0.9729166046074129
1.7048302328769263,-1.4311996545015364
-2.1988827868263514,-2.044690618954721
-1.9059043908272764,-2.6732974319218448
-1.6821704068378573,-2.562898570598684
2.8678823996489653,-3.128087258136669
-1.028546950420512,-3.1912379029425835
2.332041897669926,-2.589529794222229
2.8931824329882083,-3.528047242526975
-0.027068493131452875,0.4342003697763559
-2.0356446951522758,-1.7821586980298498
2.5285281216970374,-2.8115963595355407
3.411364485788992,-4.219525791967639
2.3041006255393803,-2.8325388094256274
-2.032632303987916,-1.8510924184537716
0.009645949162597756,-4.224182974857994
-1.1767330514856527,-2.5420376067032677
-2.5164634825496277,-1.2592000651492534
2.742954143860493,-3.1381073267780453
-3.4130400267202927,-0.7305214017426658
-2.2122104453800873,-1.85746724441511
-1.716114300657477,-2.822951567771973
2.4126905560309657,-2.9748557193081053
2.7781425034772527,-3.008860248320733
1.8585652492137632,-2.138543205266123
-2.126840905390674,-2.1419259745730574
-0.8674477040516533,-3.379713114774934
2.2697413516981855,-2.1260210089466636
1.7372439999588196,-1.3650561039015083
2.322751028647431,-2.7407678472761696
1.490258452742594,-1.6052012667175408
1.6801580115326524,-1.2508724147417065
-1.5471672594362957,-2.554215967730585
1.7700784960673772,-1.3209414088298597
-2.691173787866844,-1.0379788600582396
-1.3021905520855044,-2.918790535182022
-1.9885670560656088,-1.8707777920660653
0.21124777098277736,-4.5447905560611135
2.4747711275863846,-2.6318846421242346
3.18752341145568,-3.6700476131721267
1.0088086981370683,-1.013032969382176
1.393989004529092,-0.8676297610132713
3.045825415617383,-3.3636028454131033
-1.9968207504985267,-2.1318418018274037
-2.3905992252604875,-1.5336319090124526
-3.6997356367412273,0.3173276009808115
-2.15987452458667,-1.9274578891653291
2.2444947699597746,-3.1246035287037497
-1.3561549438467422,-2.3171649474383935
1.5207586463176432,-1.1365348217593432
1.2969403601513418,-1.424798621185651
1.289345328198377,-0.580086775032443
1.9697223180478651,-1.9042421840537571
-2.398089605351755,-1.4987476397273005
-3.976192729410152,0.6021737930724753
2.39465074840928,-2.662293941395663
1.9085291063140837,-1.7975363055493507
-2.215105031430483,-1.6320746465243825
2.169103643113835,-2.2070367158659816
0.685800205880108,-0.46298001053261273
-0.6098940813030904,-3.0877601873311615
2.561360030314725,-2.9714799306052937
-2.608346166490037,-1.203276380654159
2.061386553980599,-2.0890498419621246
-1.318434650811033,-2.806180165918575
-2.5617409023497633,-1.3986006117946248
-2.4308540495589277,-1.2892196365299573
2.306233595433427,-2.590205146301442
-1.8587178322042603,-2.282589739377726
-2.180303348042007,-1.7519927449194284
2.8646149681671353,-3.0980340421762937
-2.4406070550026593,-1.5332627667203846
0.3897006861150778,0.4799166165986555
-1.434573716461633,-2.6160412397085286
-2.5722890853514726,-1.5277698215730147
1.2761291972709974,-0.7493272922682754
-0.5541924380294079,-3.6643153462458216
-1.3779605444492793,-2.875460664122629
2.676818090219417,-3.1297024386083145
-2.030371864673508,-1.7863331721357865
-0.644554789412386,-3.394648941887914
2.172278670608658,-2.1366872307174516
1.083782896380392,-1.0435183478994048
1.830242938590265,-2.0172032080652835
-3.5762844250521915,0.08832172392768989
-2.1409907038127813,-1.8897891282231136
2.1844325902948896,-1.9850958352426655
-2.6332906099210187,-1.6426025905882276
-2.5519646922655888,-1.3611836462721023
1.0518485984027282,-0.6484007182407834
1.6836755294591486,-1.3866747916093953
2.06999308212655,-1.5992167139365476
2.5017864878748095,-2.764625973314386
-1.6912522873806972,-2.6973723805583956
2.3829776097558404,-2.3271988478017143
1.3975194603544574,-1.4157347487735898
-2.746988251293117,-0.8592077206502673
1.056704578333586,-0.9920840269447488
2.0683249997375985,-1.678060542929458
-0.024843581794506964,-3.915051088214155
-1.809965071324622,-2.1601856279370195
-3.0489161207019038,-0.5799882885260195
1.2224813001447132,-0.2835836820566351
-1.8716661567235522,-2.524146360389342
2.5908010239790142,-2.6680415589682243
2.363369251872676,-2.3633185008553212
2.117745014589989,-1.435324264578687
-1.6616479129539514,-2.2162068341342387
-2.3221008142338633,-1.8933682783560868
0.9797281831796023,-0.4847277012457962
2.338299557786622,-2.303407413200362
1.1653967532167906,-0.6227344898470737
1.781249428925159,-1.656865821737162
2.2186725353608074,-2.434711650017765
2.3508953819442784,-2.189510543669232
2.7310860581530907,-2.599256846438498
-2.1560293183992583,-2.2579483849333424
2.4933079207298703,-2.545595366250709
-1.7623834995009953,-1.9223234178544972
2.114562238543797,-1.9606906214233855
0.6972855635384283,-0.05408812521686679
-1.8269683794188984,-2.525763429043553
-2.108559594754564,-1.57085891576147
-2.5349736411998496,-1.5944230509920048
1.9529435984793497,-2.144705637915896
1.7376725593055748,-1.4800166617972903
2.102133290148612,-2.15545805249946
1.1800288721969037,-1.176659291194428
-3.323218346754448,-0.558094008419318
-2.392757148357111,-1.4611439134458506
-3.570312368549584,-0.38816392838779423
-1.5046204753938148,-2.810500151086207
-2.145262777616948,-1.40307191336951
-1.3303948341723832,-2.7381120190055124
3.182929151883213,-3.3671450559648344
1.6494705020188323,-1.1305191745867789
2.06445886126832,-2.1551403767391273
-0.9953642384108281,-3.101240886346733
1.0677150972262575,-0.4434481961680634
-1.4061990431318705,-2.7063658583061967
2.004260927975309,-2.314994168457773
1.9086978559819616,-1.9590793936792827
-2.7360463496069807,-1.38383825948098
-1.1488350262408629,-2.5319213639353912
-2.8559265776823484,-1.209750931097068
1.1336250539485446,-1.0313378389629886
1.9238223382075326,-2.7812210555319465
-0.7830808636102251,-3.6396896580222373
-1.9922593794915409,-1.9762718618255317
3.3727523206508367,-3.645988678714864
1.7940518292903682,-2.108029273942013
3.0498214899616816,-3.5850807328945873
2.345268912964002,-2.431362513967368
-0.9190184764234719,-3.4267927330074466
-2.5769139637280882,-1.1995794418732035
2.622981095757496,-2.495233000121232
1.6680751768270117,-1.1866560251449743
-2.052772070560386,-1.7502390083004589
2.5441222646590895,-2.5790415149728743
3.154394830846158,-3.825903880478098
-1.6881129856652815,-1.9448064372675025
2.4004503971429263,-2.4409394576031684
-3.0448606725759966,-0.615791837612335
0.9663469727848515,-0.316724041436909
-2.449868046815075,-1.2072765146239908
2.180794531027343,-2.5138411505272105
1.5418667853704027,-1.1663023102714853
1.989671778885416,-2.4814157501880816
2.49597909624892,-1.9086309595032025
-1.5400681848845617,-2.56213247927533
-1.4341789353313392,-2.2458423428932344
-2.4359573242600128,-1.0540841134624064
-1.3891041893410851,-2.629984454615785
3.6718500048095404,-3.9406492984957096
-1.4264322714381628,-2.6828422687601408
-3.996943428138591,0.026980992958258287
2.339370599194922,-2.205375028844074
2.004183436511258,-1.7539261591594
2.4068538128597803,-2.1716452879988046
2.5035107909853225,-2.859294814273797
2.0331950084534887,-1.8479342969234303
-1.5593309421997739,-2.1188256871681546
-1.0862424429855517,-3.0932169510895897
-0.84784560805674,-3.549857819188554
-2.1403728377234548,-1.7756141936063727
-1.111986991206357,-3.0545790258762686
-2.1449886940276794,-1.784961721804648
-2.2531136255542483,-1.9362110394155059
1.4239406516463977,-1.1616933448948363
1.085789281201981,-0.7190275230910059
-2.0175444966773477,-1.9404537153292432
2.6300693538723396,-3.3354438487332656
-2.260261622417523,-1.615543328674157
-0.8383940651844695,-3.2156595219961415
1.787712603396741,-1.5901144667416818
2.9182428295278457,-3.593662661745281
-1.0199365243963074,-2.930624246836223
2.171642219561514,-2.16348453976088
-0.665512047392913,-3.865652155068224
1.5493232923489155,-1.8653089361429775
-2.4020077986038535,-1.5459145424504883
2.590823764093927,-3.047174346841043
-1.6454897736085377,-2.4839264214599375
-1.3207048508724881,-2.547906370407415
-2.047100988658709,-2.121228021870894
-3.4120952826202973,-0.6772115264203862
1.4536092564747527,-0.9045187376807884
1.5792471090209417,-1.2073595930352676
2.196605427077813,-2.24627620485367
-1.5096223197315848,-2.028277889744167
-2.11414047317336,-1.619109461852879
-1.9924079628820548,-1.7628853944434677
1.4380700740730823,-1.423802702309679
2.1059441602248508,-2.481761195776599
-1.4652790349296025,-2.8907026124544153
1.2597369953211457,-1.1653476574882342
3.017805471908741,-3.109617287253964
-1.6312839960306174,-2.144548126979196
0.5532806701392845,-0.20643614306832148
-2.510115520522373,-1.2159049668943958
-1.4686537663679857,-2.369447097082414
1.9455990293010328,-1.4622677756797093
1.873529780366846,-2.098696524654499
2.786919902204928,-3.2866293046100186
-1.0838120156112643,-2.730900902123762
1.241917474670228,-0.3134082473739279
2.871398389784704,-3.6640204396466407
1.0056012164071875,-0.5974258819285156
-1.0487154547187203,-3.163555051976876
1.2577489619092392,-0.9560884531457665
-1.9941163377481117,-2.023924053961176
-1.881086320213152,-2.411081464830188
-3.469758605223457,-0.1328907596365898
1.5681830760823983,-1.1219324894959195
1.6902605074961567,-1.7457817349369076
-2.1689903902600483,-1.854498900165607
2.5197272634564216,-2.5990348638353074
3.1208733211306896,-3.4077434084042206
-2.001910286139224,-1.7799509185819278
1.505281023361915,-1.639890957517887
0.5565735209460061,0.0023141190829236713
0.9917492300542203,-1.363147642954595
3.4451257694854687,-4.251296269903445
1.8288488279657638,-1.851926070314499
2.1633809385863625,-2.307398515650854
-1.3425675700951345,-2.908657640140855
-2.2610658972602335,-1.5756176732110507
-2.8511325337463846,-0.9297555162189763
2.292341633283231,-2.6116337235263334
-1.7763370422871112,-2.3496862924516
1.5476821667050173,-1.4147056630533725
1.087828603496889,-0.771084164893745
-1.585851865520576,-2.2391105331697587
-2.6244664428892808,-1.390723344183821
-1.3173673395667986,-2.5208952029757192
2.6078704721579364,-2.9550750631421794
-1.340579165835734,-2.939456794581335
-2.192634385215808,-2.1309465289251035
2.468656030564984,-2.5476930920716896
-1.258031106279001,-2.574158996948407
2.2218869049333296,-2.3651896633110967
-2.8220761068786233,-1.6104803504744702
-4.098013676394319,0.15743794904862574
-1.6716836112822762,-2.49881858098031
1.7954076150569898,-1.9484955931819303
-1.785784548608398,-2.07077235337839
-1.2325997772248753,-2.826427330085359
-2.2327012269536803,-1.5050390876228104
-2.6933828887669296,-1.257597667161836
-3.4687940096086534,0.07439304293895255
1.075038071162858,-1.2314838893692102
1.6512622595507729,-1.2263836468567584
-2.3115840864128465,-1.841575916969788
-2.8769696837285963,-1.1162726046581062
-4.036402002681198,-0.14535851541205336
1.604483658955878,-2.3010726725713426
-3.004174327125342,-0.9145271812456199
3.4799804913078902,-3.5313301500092815
1.4079686160501534,-1.3506499668250567
2.001695099201191,-2.2211957961910898
1.9974304785539467,-1.7565763501698948
-1.1946563381711475,-2.823558608366337
1.2693143318129056,0.13436181093474397
3.0724378884148944,-2.9695138405730246
0.8711174044699288,-0.6150767070701182
2.1755309452042093,-2.1246476989502745
-4.217487937668668,0.8155343760996283
2.358862975958832,-2.938595556455639
2.6063797469930097,-2.9575181614661172
-1.54142783042825,-2.524176741122015
1.0736931312803788,-0.8162063454796393
-1.6784321794931913,-2.420068842839135
2.842690613506568,-2.7079886255783423
-1.2277333622110007,-3.1394333596150794
2.2609591183000886,-3.0163563968559006
-2.5301882514023837,-1.1917857376383945
-1.897598182281635,-2.245825239744797
2.8428211600462414,-2.9146201933138904
3.896808298596432,-4.272572003851325
0.907905556171754,-0.972188921653709
1.5048806628030713,-1.5042956819839377
-1.9177287678556671,-1.8404846878249062
-3.2671444149803763,-0.8813389629847239
-1.3324426657390425,-2.5906198091689108
-2.6654507325783188,-1.2636404066720701
2.0718339493240943,-2.4695967245305184
1.764323538082641,-2.0021843973019275
-3.5341704427998804,-0.3415417836003991
2.9997408475037144,-3.1383983987232615
2.1898856474096715,-2.0369030265775514
-2.3008841146605032,-1.5724359446154414
-2.024124709130983,-2.0239099553471656
2.024902747090322,-2.1438479985771473
-0.9396652717244338,-2.829270478953209
2.2045303875342572,-2.457816628358112
1.248938766457569,-0.35430865410836065
1.4797511148908626,-1.278830399723498
2.0276008480586647,-2.196742484550647
1.2517994213370978,-1.7652577911331404
2.5100280440737746,-2.7850492730569565
1.3740266649720372,-0.7902836050164783
-0.8051099378471238,-3.0091930371916287
2.876673860001944,-3.225083487129303
-1.5963308235565958,-2.5182215801395356
-1.514907872122774,-2.6006950152905883
-0.670309227240028,-3.602152716923106
0.9571554112301659,-0.8895844597681763
2.5911826145875283,-3.128373737437231
-2.399268351461659,-1.4660762463028647
0.8766578084129115,-0.5927588575895757
2.117637613257397,-2.1758497638034613
-2.494372021653082,-1.2635547884562015
2.606351064224096,-2.9693897860244225
1.2317297947300876,-0.40713258851986533
2.346206385950988,-3.2830226531389544
2.407448037092377,-2.9576591676438104
1.3588255438744001,-1.272567380764046
-0.4361954253609166,-4.112007046895883
2.3192816480098175,-2.363457218760841
2.1709191627532145,-2.2040175632570476
-1.9330448869186918,-1.9970588567494443
-1.9922406981362695,-2.0013139133195845
1.7490597546725968,-1.800948963620512
-2.0142844819872714,-1.9412867306057955
-1.316142797423636,-2.8847857435699717
0.048898874550356464,0.6490427355545809
2.975955309608115,-3.3732102617033
2.4855020848964045,-2.5204612076188497
2.621138978527438,-2.7775165654361786
3.7134896327919296,-4.8025672034418765
-1.44597160933554,-2.7139697043296573
-2.4531013165918956,-1.4873812103374227
2.937689916797778,-3.0598631596062327
1.590593925413751,-1.6102833092122857
2.1869769410838904,-1.9303188986534063
-1.445085612005724,-2.8288651797805553
0.10043868558352331,-4.401866398063149
-1.4903620208637158,-2.8308764396738884
1.5763718193631875,-1.2630818557623005
0.907705347891359,-0.6727316174379236
-2.2824929969415635,-1.9961843477714534
3.003478544283145,-3.3964342050910403
-2.142370049587901,-1.0797206893390427
3.4674856375821,-3.620628823789997
0.5129748430659105,-0.5967504943525734
-2.7101013816928807,-0.9938225412140027
-1.358652369042355,-2.8960087509072845
1.9355977720307516,-2.270929708660808
-1.5921299660789254,-2.0669760717958097
1.8217700931171605,-1.4540555083637994
2.566473353973621,-3.0414555118777393
-1.1185383396846003,-3.0982648338127188
-1.1647463623294871,-3.005227865512734
2.4122649635492466,-2.4510393950407368
2.4999303504379773,-2.4300641719259732
1.584974497927763,-1.1437145818608472
-0.7202303198489308,-3.263949808148954
2.2186461159367123,-2.333849151041149
3.6092870630987113,-4.19830388590777
2.001501432499526,-1.5056525382103376
-1.8119261118034227,-1.8599632149949068
1.231368970442417,-0.6900613037001109
-2.3802055738484422,-1.728734724303546
-2.792941272564832,-0.9344671225565833
-2.175604518608958,-1.751780996726291
2.079596353893215,-2.3501865136058075
1.9279615252916908,-1.5176149037109352
-1.7943378807017716,-2.2238188421430594
-1.25417214805787,-2.9294090038588254
-1.5555069681021394,-3.0247496195590515
-2.198787537692046,-1.8659633909496969
-3.0793268934510705,-0.5344639888237805
2.41320197254764,-2.8884930690496002
-3.2804784137435794,-0.6557294054147591
-0.7841150820688481,-3.4805315411098743
-4.080762488677683,0.43666196326850404
2.255207615559789,-2.444657837444584
1.9278853187397054,-1.5890915564178876
-2.375878828640255,-1.5748507143044534
-3.065269310160482,-0.6151835266305008
2.294658645813898,-2.3457684251168907
1.3776543152978045,-1.1924130847930825
2.53411210039105,-3.072713894989433
-1.9539572638012532,-2.1394402023776276
-2.644781708778736,-1.6448965407773712
3.2380873732641167,-3.3110065506519506
2.9329909924810056,-3.263643308969602
3.180313424671977,-3.3723311491497348
2.2181529016381414,-2.3620187402072594
-1.5078242793344052,-2.383751106527186
-1.5901852977521873,-2.402336955482415
-0.7162641100188172,-3.26394072789767
-1.312309178760727,-3.17176159911489
2.8058792832520316,-3.57091016496818
2.060405343998161,-1.985192460438491
-1.3608937786952995,-2.6544891644200805
-2.148969205684348,-1.870799676869139
-2.570354340834858,-1.2512040070234622
3.87780841873521,-4.746068839915988
2.2585878610535524,-2.680288716560997
-2.630919523611536,-1.3036153004426034
-0.3652898569350356,-4.192104527777804
1.8859374575491339,-1.6791589013451882
-2.4818168264087315,-1.5572460358678886
1.2700380399058844,-1.3362196479152044
0.8180825323898231,-0.6508424359985916
-2.568810193246447,-1.259573051309729
-0.8522064743336051,-3.6171940243183673
-2.4304563592567376,-1.4350472707322735
-2.1832370457008663,-2.1207629569198794
-3.006389449875556,-0.847418917653074
0.17980752420832236,-4.612669538574885
-1.9852804904895918,-2.0558346225494746
-0.7675713283428816,-3.6085052743798895
1.9784570138658397,-2.0844503774341123
-0.8072105117691879,-3.317688198080731
-2.080298250065671,-1.6641029332872386
2.1225129492859427,-2.037732419125969
2.1563645521496957,-2.174876092643269
1.7760698180510694,-1.7229519733117036
3.526236231875912,-3.7528136484127774
2.7954512497226385,-3.3310312147867824
-1.8840218257934132,-2.179303908777754
-1.9322210110326634,-2.196527938191752
-1.7808041685870521,-2.07199536922045
2.7896328515687943,-2.8047392912245943
-2.290857015099963,-1.4971259919597075
1.803592161989193,-2.2312301372432466
-2.1600129594371946,-1.639110610070027
-2.7325519859672776,-1.398779179779492
-1.4653936591087129,-2.8075400774930035
2.5460525330679316,-3.3751637422490806
1.3710120723017352,-1.193752269650978
-2.736588781927028,-1.1346828504162216
-3.268615936918518,-0.8694559227961562
2.3121609636627514,-2.4395968946785236
1.5280446648095996,-1.2519643431833796
1.5338195235354453,-1.6563385083152373
2.1158738432962463,-2.2869964953730717
1.5086283483270817,-1.3823227720453326
-2.5005487636446544,-0.9112693849858664
-1.0570887580918917,-2.78307154982909
2.5080179003864096,-2.70522051577204
-1.4522701296401725,-2.6031824821747924
2.72521952744365,-2.2482159436681095
1.6380820225652035,-1.7732715871257883
-3.1616390093027458,-0.5305689684499808
-2.4852888440083367,-1.4935772437517933
1.19411844267057,-0.9087716769634702
-1.6656675681237423,-2.560476676368229
2.293718683218284,-2.5252645640428666
-3.3467184618099353,-0.6335660377809478
-2.3263701183928798,-1.5771715653166434
-2.4223822124752443,-1.6937622073598573
-0.48562096983891867,-3.9308351063790257
-2.222524973303191,-2.2250084661118734
0.035957667944150895,-4.154197672468756
-1.025447596711512,-2.8334376595495083
-3.9045534881984,0.28349692813937244
-1.9766548897112477,-1.7853727002121573
2.504267897978472,-3.0610223387309476
-2.412978507491926,-1.34214162216457
3.000804865679158,-3.1789594747920553
2.0050564845246437,-2.0746899754014922
1.516757853957571,-1.736635696699035
2.5796497303004333,-3.1771508774706176
1.153132246181996,-0.8051381540146496
-1.101551486399233,-3.5309245283141557
-4.018463331366578,0.4135593479601245
-1.534526386869698,-2.4237180549025883
2.252273639744705,-2.023580347865851
1.0755747295615006,-0.7592315420101534
-1.3541125007959522,-2.9486387344965825
2.0887835142087865,-2.2579408734920725
-1.498071198728118,-2.8569361892046516
-1.8194865169819334,-1.9184367768026263
2.8921849010186835,-3.092327170087607
1.6471877937453465,-1.0241823861064292
-0.6460621303064429,-3.681678568115543
1.8831262387225103,-1.8276730242943742
-2.918074549496337,-1.0878413197530103
-2.692506610317098,-0.9672914351492643
-1.9090880634865763,-2.3651379526939573
2.3474681210133004,-2.8659165120999015
1.367720784730115,-1.1486889050683453
2.907031322663255,-3.1739431568175984
-2.4006800514492674,-1.544319753229027
-2.45753285993032,-1.7503357235179218
-2.379812059784563,-1.4676931900785668
3.277432453326284,-3.6740997356111462
-2.4714058239537318,-1.409113136327076
2.399864931279525,-2.391638955436594
3.0241179778513922,-3.0993641807025343
-1.2041109463910618,-2.846602645845061
1.737322203629426,-1.2520468704009813
-1.5145505852119148,-2.40006093235322
-2.6363254699169447,-1.373156059164654
2.0888170538607307,-1.6517182584918033
-1.87700576323971,-1.9620524483790824
-1.3381698995435118,-3.000891248892955
2.2389399955314078,-2.4160586552026952
2.016458697589269,-1.652164911033581
-3.191427657020659,-0.22861525895745483
1.3017279841516323,-0.9901699199165501
1.4661482589988801,-1.174355324183236
2.0750201879472048,-1.924738858086041
1.3338301127322174,-0.8842456945606818
-2.185199085455256,-1.5110304054003623
-3.044526514376742,-0.6831155891451983
2.1403265383509993,-2.1691084093072113
-1.1645838114931202,-3.402297547838009
-0.5303758010846202,-3.674303870806057
1.489169761356116,-1.2300014350501198
-3.0545967910775307,-0.983262004413674
-2.5268473397040516,-1.5318591305111333
1.6584528625852968,-1.4849418095410463
0.3722672555627735,0.1528162286744723
-1.385337698249458,-2.584470051454847
2.480367175845119,-2.6887198666574164
1.2784784168283823,-1.0747498220764533
2.296503364355833,-2.3963474178238418
2.2493735050467953,-2.6288877404799282
-1.6684601895283995,-2.589391262456804
2.3384922987679406,-2.0900128872864725
2.362575826363668,-2.7024814428328274
-3.433954777486913,-0.5554167291161991
-2.906251215367778,-1.405587181346278
1.6276669468930707,-1.3900138381153953
-0.436814891823436,-3.698861331886078
3.0036395581399007,-3.4835850865951734
2.456306360940288,-2.836792229121092
-2.925211295295495,-1.1257876453575912
2.0323906456057172,-2.088364408329981
2.1451251283681994,-2.0287674199420636
-4.199104203849446,0.48347534023973315
2.08160367873904,-2.148957208428168
2.0366226133524368,-2.950665138327179
2.8689874461363933,-3.2733290627244243
0.698100290766376,-0.4345182265606353
-2.3568682268097327,-1.6071355442027397
2.3177277693588074,-2.8796430492211904
2.749776151151285,-3.1688656197284963
2.3829683864418447,-2.8292399010774676
-1.7196371747047725,-2.599667072717766
1.2215003425507769,-1.1747641928297488
1.7344126902904515,-1.8123217421937636
1.941054004687755,-1.8939488792335997
2.133227681778245,-2.082083747741924
1.5648004622038694,-1.5879676214118152
0.8684288631081829,-0.6168302778409587
-2.1920942766633345,-1.6424209958397786
1.4549574635935754,-1.4998919927511531
-2.8986555241452603,-0.7929800699236211
1.617491276913702,-1.4627708595678452
-2.507593211525056,-1.4037909411401785
2.1137447152720847,-2.1651628979499407
-0.3794173470561786,-3.7588320633315533
3.01574004942629,-3.385827013239293
3.0917923895458017,-3.653002748356532
1.8242435972496196,-1.5545595375986858
-2.945671673097179,-1.030296929219896
2.2667344631780812,-2.4546570198839905
-1.7199585020265955,-2.2814216818822457
0.8684470612162825,-1.0686132293022315
-3.1765363125527775,-0.8393264681636521
2.1536204216342054,-2.1094821679733213
1.5641736908926853,-0.9504762534228253
-2.3256860397725165,-1.4412936024443945
3.3080322311050434,-3.5695379186556533
2.517310983244199,-2.9891816133664717
1.8675477836044467,-1.6431039667859284
0.43050322447081335,-0.05754832715319225
-2.475010128769593,-1.3568443708688362
-1.3131313765369927,-2.7865937732961896
-1.713143229229162,-2.6101342241268255
2.538880573157984,-2.7614952328189335
1.134478334892098,-1.2968033933393779
-2.907135904067829,-0.6631663486745287
-2.955775043772061,-0.5571250081313392
2.3230044166649666,-2.817810863912938
2.3904543654784196,-2.609993747751111
-2.3857602923302665,-1.3626100875348062
2.0028695340908875,-1.785755540120723
-2.5989339739092356,-1.6217268080866487
-3.0507123394043307,-0.4201941160854621
2.2196534688215293,-2.406074356067893
2.333960055065007,-2.2927511783780887
-1.3448048964187547,-2.6315483603631415
1.9660549501081312,-1.8711474012545461
2.907947170561468,-3.3520192737743058
-3.269235847526298,-0.3993815167615855
2.457377282805125,-2.3703159862128973
1.6230743161071857,-1.3631215238582914
2.470495367672828,-3.005102351929595
3.034783004202394,-3.4211103754306116
1.7778482380862408,-1.1065128219363567
2.528804472622988,-3.2130818693171728
-1.1311970806570144,-3.0205870469708813
1.6949842899089425,-1.5244003571015095
-1.662483973461447,-2.324279097525239
1.8312355790868056,-1.6474679542020363
-1.5239288190070432,-2.4808903885100273
1.5197317950540996,-1.0531218468869943
-1.9955252375952146,-1.830980613572483
-3.347231072701221,-0.549966923768316
2.8912843558250643,-2.82045191872561
-3.321022182087246,-0.5190481760968917
1.4090377863439176,-0.8930484020114606
-1.5141431091637017,-2.2428410236223733
1.625794339262617,-1.3977056326183128
2.356320610684933,-1.9725999418254168
-1.9076938126291598,-1.794990348244688
1.663400069218669,-1.2061274544053897
-1.6127073058767305,-2.3101815901715974
1.8446563534196745,-1.9086797061731229
2.8550303961439014,-3.785629732383047
1.8916718652525217,-2.1412552714843427
1.3996068944012507,-0.9209078601792202
2.5444287864353345,-2.660310136568962
2.764489094820225,-2.651550211919988
1.6875551444583246,-1.7899916852472706
-1.666701038723867,-2.319354849257609
-3.2841057801379896,-0.6635909319087472
-3.3409912376905315,-0.5869677434337055
1.7554717505726591,-1.4161645634621567
2.142058739879757,-2.25784425697525
-2.345587034713703,-1.2232505183118039
2.2528506233657697,-2.170113851726265
1.5124614373571372,-1.3062271774317287
1.4310208419584876,-1.124423083199856
0.8076947986996743,-0.2407316843616174
